claim_id,claim,maturity,theorem_or_lemma,proof_or_checker,raw_result,paper_location,fresh_recheck
C1,Fault-frontier conditions are necessary and sufficient in the snapshot-action model,proved,Theorem 1,proofs/core.md §2,exhaustive.json; two-state.json,Fig. 1; Sec. 3,rechecked
C2,One acceptable-fault witness per faulting input suffices for cancellation checks,proved,Corollary 1,proofs/core.md §2,certificate comparisons; controls.json,Sec. 3/5,rechecked
C3,Full-permutation legality equals finite AND/OR waiting-condition languages,proved,Theorem 2,proofs/core.md §3,and-or.json,Sec. 4,rechecked
C4,Three actions give the smallest nonempty legality language not representable by one poset,proved,Proposition 1,proofs/core.md §3,exhaustive.json,Fig. 1,rechecked
C5,Unique acceptable representatives yield a unique least feasible action set and polynomial positive-cost minimum,proved,Theorem 3,proofs/core.md §4,search.json,Sec. 4,rechecked
C6,Two acceptable representatives per input make unit-cost branchless selection NP-complete,proved,Theorem 4,proofs/core.md §4,graphs.json,Sec. 4,rechecked
C7,The dynamic program is optimal for the declared read-once private-leaf grammar,proved,Theorem 5,proofs/core.md §5,trees.json,Sec. 5,rechecked
C8,Passing object/certificate implies table-wide observational equivalence and actual budget compliance,proved-relative,Theorem 6,proofs/core.md §6,certificate comparisons; controls.json,Fig. 2; Sec. 5,rechecked
C9,Observer refinement cannot decrease the optimum and can force 12 versus 8·2^b+4 bytes,proved,Proposition 2; Theorem 7,proofs/core.md §7,observer-gap.json,Fig. 3; Sec. 6,rechecked
C10,Completion and frontier sparsification justify exact representative-tuple enumeration,proved,Lemma 8; Lemma 9; Theorem 10,proofs/core.md §9,search.json; padding.json; many-relevant.json,Sec. 5/7,rechecked
C11,The retained bounded campaign reports zero mismatches,measured,n/a,docs/evidence.md,results/confirmed/*.json; input-replay.json,Table 3; Sec. 7,rechecked
C12,The work makes no production compiler or hardware-performance claim,boundary,n/a,README.md; docs/evidence.md,n/a,Abstract; Sec. 7/8,rechecked
