phase,mismatches,cpu_seconds,peak_rss_kib,binding_id
exhaustive,0,14.192850,92848,5dd7d5ad3b7317e6738e745e5bdf93b2e8b8ddf329718b481939c42f8c909518
two-state,0,0.288369,92848,5dd7d5ad3b7317e6738e745e5bdf93b2e8b8ddf329718b481939c42f8c909518
trees,0,0.914662,93616,5dd7d5ad3b7317e6738e745e5bdf93b2e8b8ddf329718b481939c42f8c909518
and-or,0,0.050522,93744,5dd7d5ad3b7317e6738e745e5bdf93b2e8b8ddf329718b481939c42f8c909518
graphs,0,0.530803,93872,5dd7d5ad3b7317e6738e745e5bdf93b2e8b8ddf329718b481939c42f8c909518
observer-gap,0,0.009816,94000,5dd7d5ad3b7317e6738e745e5bdf93b2e8b8ddf329718b481939c42f8c909518
baselines,0,0.458117,95408,5dd7d5ad3b7317e6738e745e5bdf93b2e8b8ddf329718b481939c42f8c909518
controls,0,0.001673,95408,5dd7d5ad3b7317e6738e745e5bdf93b2e8b8ddf329718b481939c42f8c909518
search,0,1.109103,95408,5dd7d5ad3b7317e6738e745e5bdf93b2e8b8ddf329718b481939c42f8c909518
padding,0,0.070609,98608,5dd7d5ad3b7317e6738e745e5bdf93b2e8b8ddf329718b481939c42f8c909518
many-relevant,0,0.566959,98608,5dd7d5ad3b7317e6738e745e5bdf93b2e8b8ddf329718b481939c42f8c909518
retained-input-replay,0,0.733077,99760,5dd7d5ad3b7317e6738e745e5bdf93b2e8b8ddf329718b481939c42f8c909518
